AccountID,AsOfDate,ISIN,SecurityName,Quantity,MarketValue,Currency,AssetClass,Custodian
FUND-A-001,2026-03-31,US0378331005,Apple Inc,25000,4311250.00,USD,Equity,State Street
FUND-A-001,2026-03-31,US5949181045,Microsoft Corp,18000,7112160.00,USD,Equity,State Street
FUND-A-001,2026-03-31,US88160R1014,Tesla Inc,8500,2089300.00,USD,Equity,State Street
FUND-A-001,2026-03-31,DE0007164600,SAP SE,12000,1778400.00,EUR,Equity,State Street
FUND-A-001,2026-03-31,FR0000131104,Total Energies,22000,1438800.00,EUR,Equity,State Street
FUND-A-001,2026-03-31,GB00B03MLX29,Reckitt Benckiser,9500,2050100.00,GBP,Equity,State Street
FUND-A-001,2026-03-31,US912810TN81,US Treasury 4.375 2053,500000,482500.00,USD,FixedIncome,State Street
FUND-A-001,2026-03-31,DE0001102580,Bund 2.60 2034,300000,309000.00,EUR,FixedIncome,State Street
FUND-A-001,2026-03-31,CH0012032048,Roche Holding,4200,1045380.00,CHF,Equity,State Street
